DATE,SERIES,OPEN,HIGH,LOW,PREV. CLOSE,LTP,CLOSE,VWAP,52W H,52W L,VOLUME,VALUE,NO. OF  TRADES
17-Aug-2026,EQ,"405.65","408.00","402.45","405.25","406.80","406.80","405.82","577.00","402.45","13,37,661","54,28,43,148.85","22,379"
14-Aug-2026,EQ,"408.00","410.45","405.25","410.00","405.25","405.25","408.47","577.00","403.35","14,63,543","59,78,19,047.05","17,087"
13-Aug-2026,EQ,"408.90","411.25","406.60","411.25","410.00","410.00","409.75","577.00","403.35","7,30,919","29,94,91,211.20","17,164"
12-Aug-2026,EQ,"412.65","413.10","405.05","412.65","411.25","411.25","407.57","577.00","403.35","16,77,000","68,34,90,928.10","40,426"
11-Aug-2026,EQ,"414.00","414.00","411.05","414.20","412.65","412.65","412.05","577.00","403.35","11,32,096","46,64,78,534.40","20,090"
10-Aug-2026,EQ,"411.45","414.20","409.25","410.00","414.20","414.20","412.43","577.00","403.35","13,46,084","55,51,67,038.65","23,675"
07-Aug-2026,EQ,"410.95","413.45","408.50","411.30","410.00","410.00","410.58","577.00","403.35","17,49,544","71,83,34,254.90","26,256"
06-Aug-2026,EQ,"415.00","415.20","411.05","414.00","411.30","411.30","413.66","577.00","403.35","15,96,570","66,04,30,366.25","29,252"
05-Aug-2026,EQ,"412.00","414.05","406.90","409.65","414.00","414.00","411.14","577.00","403.35","30,45,910","1,25,22,92,073.60","37,720"
04-Aug-2026,EQ,"420.80","420.80","405.35","425.80","409.65","409.65","411.21","577.00","403.35","63,70,534","2,61,96,56,337.40","73,128"
03-Aug-2026,EQ,"423.80","426.20","421.40","421.45","425.80","425.80","424.15","577.00","403.35","19,69,475","83,53,61,126.25","30,847"
31-Jul-2026,EQ,"429.00","429.75","420.25","426.10","421.70","421.45","422.00","577.00","403.35","25,09,913","1,05,91,80,996.85","36,935"
30-Jul-2026,EQ,"433.00","433.00","415.55","433.70","427.30","426.10","421.31","577.00","403.35","56,73,826","2,39,04,26,623.55","56,728"
29-Jul-2026,EQ,"427.40","435.30","427.00","424.60","434.30","433.70","432.53","577.00","403.35","20,39,461","88,21,18,805.90","26,328"
28-Jul-2026,EQ,"427.35","438.00","422.50","427.35","425.90","424.60","428.67","577.00","403.35","44,58,851","1,91,13,66,521.85","42,457"
27-Jul-2026,EQ,"425.60","429.05","424.50","423.20","427.35","427.35","427.41","577.00","403.35","8,53,775","36,49,13,253.55","16,552"
24-Jul-2026,EQ,"420.75","424.80","419.40","423.15","423.35","423.20","422.13","577.00","403.35","6,41,619","27,08,49,292.45","18,351"
23-Jul-2026,EQ,"425.90","426.70","420.50","426.50","423.30","423.15","424.08","577.00","403.35","25,58,937","1,08,51,93,188.75","26,879"
22-Jul-2026,EQ,"426.90","427.60","421.55","426.10","427.00","426.50","424.95","577.00","403.35","8,97,737","38,14,94,529.15","18,174"
21-Jul-2026,EQ,"426.50","427.90","422.40","426.50","426.40","426.10","425.13","577.00","403.35","10,08,135","42,85,92,247.55","17,379"
20-Jul-2026,EQ,"427.20","430.95","424.10","427.20","425.80","426.50","427.19","577.00","403.35","10,48,161","44,77,64,349.10","20,713"
17-Jul-2026,EQ,"426.50","428.65","422.35","429.45","427.00","427.20","426.09","577.00","403.35","21,17,096","90,20,72,085.90","35,666"
16-Jul-2026,EQ,"433.60","433.80","428.75","431.30","430.00","429.45","430.70","577.00","403.35","16,22,560","69,88,30,634.95","26,666"
15-Jul-2026,EQ,"434.00","437.60","430.05","434.45","430.70","431.30","432.81","577.00","403.35","10,01,738","43,35,64,944.75","25,201"
14-Jul-2026,EQ,"437.90","440.45","432.10","438.90","432.85","434.45","435.47","577.00","403.35","14,27,118","62,14,65,759.90","22,168"
13-Jul-2026,EQ,"442.00","442.75","438.40","443.50","439.20","438.90","439.89","577.00","403.35","7,74,683","34,07,72,865.25","17,651"
10-Jul-2026,EQ,"444.55","447.00","441.05","443.15","443.50","443.50","443.43","577.00","403.35","17,05,250","75,61,65,766.35","28,053"
09-Jul-2026,EQ,"437.50","449.45","437.00","436.55","443.00","443.15","444.48","577.00","403.35","14,77,623","65,67,79,960.30","21,067"
08-Jul-2026,EQ,"452.00","452.80","435.15","453.50","436.30","436.55","442.46","577.00","403.35","19,52,606","86,39,54,937.10","37,089"
07-Jul-2026,EQ,"451.90","456.00","446.75","449.75","454.00","453.50","451.95","577.00","403.35","15,48,269","69,97,44,065.10","32,365"
06-Jul-2026,EQ,"447.80","450.70","438.30","444.35","450.30","449.75","445.46","577.00","403.35","38,12,533","1,69,83,36,248.50","71,663"
03-Jul-2026,EQ,"448.90","450.10","442.15","447.00","444.00","444.35","444.92","577.00","403.35","20,61,060","91,70,03,643.00","27,437"
02-Jul-2026,EQ,"444.75","451.00","442.60","444.75","446.40","447.00","446.80","577.00","403.35","30,35,247","1,35,61,37,452.70","42,479"
01-Jul-2026,EQ,"422.90","447.00","422.65","422.20","445.35","444.75","438.61","577.00","403.35","85,97,999","3,77,12,07,696.35","84,257"
30-Jun-2026,EQ,"426.80","426.85","421.60","426.30","422.10","422.20","423.43","577.00","403.35","17,99,370","76,19,09,378.05","41,079"
29-Jun-2026,EQ,"425.35","430.80","424.25","423.90","426.05","426.30","426.91","577.00","403.35","18,42,565","78,66,08,780.20","45,494"
25-Jun-2026,EQ,"425.50","431.45","422.80","424.10","423.55","423.90","426.54","577.00","403.35","18,10,833","77,23,93,379.95","31,277"
24-Jun-2026,EQ,"420.70","425.05","417.45","419.80","424.20","424.10","422.36","577.00","403.35","24,40,919","1,03,09,37,245.05","37,869"
23-Jun-2026,EQ,"422.25","425.30","419.25","422.25","420.70","419.80","421.45","577.00","403.35","15,53,970","65,49,15,426.95","28,741"
22-Jun-2026,EQ,"425.50","426.20","421.50","423.50","422.10","422.25","422.94","577.00","403.35","12,44,814","52,64,78,795.20","17,073"
19-Jun-2026,EQ,"427.70","427.70","421.40","428.70","424.40","423.50","424.14","577.00","403.35","19,15,071","81,22,61,311.00","30,558"
18-Jun-2026,EQ,"429.50","431.85","426.70","429.00","428.00","428.70","429.07","577.00","403.35","15,85,207","68,01,62,959.75","20,266"
17-Jun-2026,EQ,"435.00","435.90","427.75","435.45","428.50","429.00","430.97","577.00","403.35","11,37,052","49,00,39,280.05","21,114"
16-Jun-2026,EQ,"430.00","437.45","429.65","429.15","435.50","435.45","434.09","577.00","403.35","16,85,284","73,15,68,248.00","27,290"
15-Jun-2026,EQ,"432.50","437.50","428.00","426.40","428.90","429.15","431.17","577.00","403.35","6,84,074","29,49,51,641.15","14,960"
12-Jun-2026,EQ,"421.00","429.05","420.55","421.70","426.50","426.40","424.42","577.00","403.35","25,69,834","1,09,06,90,650.45","30,421"
11-Jun-2026,EQ,"427.75","430.40","420.00","427.90","423.00","421.70","424.06","577.00","403.35","16,89,034","71,62,58,148.00","31,212"
10-Jun-2026,EQ,"427.00","438.75","426.70","426.15","426.90","427.90","432.89","577.00","403.35","22,88,936","99,08,63,034.90","35,800"
09-Jun-2026,EQ,"422.00","427.00","420.35","419.75","427.00","426.15","424.77","577.00","403.35","9,15,087","38,87,04,968.55","16,983"
08-Jun-2026,EQ,"421.00","424.15","418.15","424.15","419.65","419.75","420.99","577.00","403.35","6,47,231","27,24,79,127.95","15,944"
05-Jun-2026,EQ,"425.20","426.95","420.60","424.65","425.05","424.15","424.34","577.00","403.35","18,64,100","79,10,03,527.80","27,165"
04-Jun-2026,EQ,"417.50","428.95","414.60","417.85","425.50","424.65","424.53","577.00","403.35","29,19,945","1,23,96,08,026.25","34,282"
03-Jun-2026,EQ,"424.80","424.80","416.00","425.50","418.00","417.85","418.60","577.00","403.35","33,53,591","1,40,38,29,049.65","41,148"
02-Jun-2026,EQ,"421.55","426.85","419.70","424.60","424.05","425.50","423.39","577.00","403.35","27,53,289","1,16,57,23,204.95","38,865"
01-Jun-2026,EQ,"441.00","442.00","423.50","443.40","425.05","424.60","429.02","577.00","403.35","32,33,902","1,38,74,03,694.90","48,424"
29-May-2026,EQ,"445.45","455.00","440.10","445.45","450.00","443.40","443.59","577.00","403.35","1,30,72,946","5,79,90,61,307.85","52,026"
27-May-2026,EQ,"440.75","447.00","440.30","447.60","445.55","445.45","443.62","577.00","403.35","12,95,057","57,45,16,070.85","21,064"
26-May-2026,EQ,"447.20","449.10","445.20","447.20","447.00","447.60","447.09","577.00","403.35","11,54,362","51,61,08,914.20","21,585"
25-May-2026,EQ,"453.40","455.75","446.25","451.05","447.45","447.20","449.69","577.00","403.35","8,79,387","39,54,48,835.30","18,195"
22-May-2026,EQ,"448.00","454.65","445.70","446.85","450.60","451.05","450.98","577.00","403.35","9,70,954","43,78,80,867.85","16,891"
21-May-2026,EQ,"453.00","454.10","443.60","450.90","445.15","446.85","447.11","577.00","403.35","25,89,322","1,15,77,10,280.35","56,130"
20-May-2026,EQ,"449.80","453.00","445.55","452.80","449.75","450.90","449.46","577.00","403.35","8,54,233","38,39,46,942.20","16,064"
19-May-2026,EQ,"456.35","462.25","451.50","456.35","451.55","452.80","457.16","577.00","403.35","12,22,771","55,90,03,804.25","26,802"
18-May-2026,EQ,"466.80","466.80","453.90","467.70","456.05","456.35","457.15","577.00","403.35","11,77,536","53,83,16,465.25","21,845"
15-May-2026,EQ,"465.30","471.50","460.50","464.75","466.05","467.70","467.70","577.00","403.35","9,32,763","43,62,55,118.90","18,138"
14-May-2026,EQ,"467.00","469.90","457.85","463.10","464.05","464.75","464.84","577.00","403.35","19,01,251","88,37,73,901.00","36,094"
13-May-2026,EQ,"480.80","480.80","461.60","473.25","463.00","463.10","467.36","577.00","403.35","24,95,630","1,16,63,50,736.05","36,018"
12-May-2026,EQ,"472.75","476.25","469.55","473.45","472.75","473.25","473.27","577.00","403.35","21,95,129","1,03,88,96,562.95","44,140"
11-May-2026,EQ,"485.00","485.00","471.20","487.70","471.20","473.45","477.51","577.00","403.35","20,33,029","97,07,85,091.95","52,350"
08-May-2026,EQ,"485.00","490.50","469.10","470.00","487.00","487.70","482.36","577.00","403.35","1,18,60,370","5,72,09,67,468.00","1,27,442"
07-May-2026,EQ,"469.35","474.50","461.10","466.25","467.00","470.00","468.55","577.00","403.35","28,31,472","1,32,66,74,599.90","37,853"
06-May-2026,EQ,"465.00","468.00","458.60","460.55","467.90","466.25","464.38","577.00","403.35","29,06,897","1,34,99,05,335.05","82,609"
05-May-2026,EQ,"446.80","462.20","445.85","445.65","462.00","460.55","456.04","577.00","403.35","27,42,900","1,25,08,72,957.95","49,682"
04-May-2026,EQ,"445.00","450.90","443.00","441.50","445.10","445.65","446.84","577.00","403.35","10,46,716","46,77,14,616.00","33,901"
30-Apr-2026,EQ,"456.00","456.00","440.35","456.00","442.95","441.50","444.36","577.00","403.35","14,48,773","64,37,71,942.95","28,357"
29-Apr-2026,EQ,"449.05","458.25","449.05","450.15","456.30","456.00","455.44","577.00","403.35","10,78,626","49,12,47,402.45","22,968"
28-Apr-2026,EQ,"452.15","453.10","449.00","452.00","449.50","450.15","450.50","577.00","403.35","5,33,943","24,05,39,827.50","13,243"
27-Apr-2026,EQ,"452.45","457.40","451.00","451.10","452.40","452.00","454.10","577.00","403.35","6,77,273","30,75,50,118.50","16,455"
24-Apr-2026,EQ,"460.00","462.50","448.10","460.00","454.00","451.10","452.09","577.00","403.35","15,09,926","68,26,23,470.05","21,312"
23-Apr-2026,EQ,"458.90","461.30","452.70","460.00","459.50","460.00","457.89","577.00","403.35","13,70,343","62,74,63,906.80","22,316"
22-Apr-2026,EQ,"452.00","465.00","450.75","452.00","459.00","460.00","459.19","577.00","403.35","23,80,888","1,09,32,71,666.65","34,014"
21-Apr-2026,EQ,"441.65","455.45","439.05","441.70","452.55","452.00","450.22","577.00","403.35","30,53,842","1,37,49,12,997.15","48,447"
20-Apr-2026,EQ,"443.95","447.30","436.55","442.85","441.55","441.70","442.44","577.00","403.35","16,62,485","73,55,53,999.35","32,261"
17-Apr-2026,EQ,"427.00","444.10","424.20","427.55","443.00","442.85","440.62","577.00","403.35","49,83,325","2,19,57,36,803.80","62,402"
16-Apr-2026,EQ,"435.50","441.40","426.40","433.25","427.80","427.55","431.89","577.00","403.35","36,39,152","1,57,17,14,178.30","36,425"
15-Apr-2026,EQ,"430.20","437.40","428.25","424.75","432.60","433.25","432.43","577.00","403.35","40,79,260","1,76,39,81,718.95","49,687"
13-Apr-2026,EQ,"430.05","432.40","422.65","435.70","424.40","424.75","426.92","577.00","403.35","11,87,970","50,71,62,687.65","22,571"
10-Apr-2026,EQ,"425.00","437.80","424.75","429.40","437.00","435.70","432.16","577.00","403.35","21,66,631","93,63,25,032.45","33,655"
09-Apr-2026,EQ,"427.10","433.40","422.95","427.25","428.70","429.40","428.85","577.00","403.35","17,97,506","77,08,63,102.90","35,137"
08-Apr-2026,EQ,"425.00","430.65","422.90","414.25","429.15","427.25","426.83","577.00","403.35","16,50,777","70,46,04,481.00","27,905"
07-Apr-2026,EQ,"413.50","416.20","408.50","413.70","414.00","414.25","413.75","577.00","403.35","20,64,376","85,41,43,784.95","37,295"
06-Apr-2026,EQ,"423.50","423.85","408.35","417.25","414.60","413.70","414.29","577.00","403.35","28,59,076","1,18,44,74,515.85","42,578"
02-Apr-2026,EQ,"412.45","420.00","403.35","414.95","419.60","417.25","409.50","577.00","403.35","11,50,474","47,11,19,294.80","27,116"
01-Apr-2026,EQ,"420.00","420.95","412.20","410.45","414.60","414.95","416.69","577.00","408.00","9,79,365","40,80,93,818.70","22,522"
30-Mar-2026,EQ,"417.50","417.50","408.00","419.60","410.00","410.45","411.77","577.00","408.00","25,04,445","1,03,12,59,423.75","41,233"
27-Mar-2026,EQ,"430.00","430.00","418.50","431.00","419.70","419.60","422.20","577.00","416.05","16,92,776","71,46,86,518.80","34,268"
25-Mar-2026,EQ,"425.00","439.15","421.10","421.40","432.20","431.00","431.76","577.00","416.05","23,29,148","1,00,56,35,763.55","39,983"
24-Mar-2026,EQ,"422.10","426.20","417.00","417.35","422.80","421.40","421.60","577.00","416.05","24,73,037","1,04,26,22,858.05","39,911"
23-Mar-2026,EQ,"428.95","428.95","416.05","430.70","416.85","417.35","420.48","577.00","416.05","33,82,496","1,42,22,73,659.00","42,285"
20-Mar-2026,EQ,"433.70","434.80","429.00","430.20","431.00","430.70","431.77","577.00","428.80","19,33,160","83,46,85,709.30","41,861"
19-Mar-2026,EQ,"448.70","448.70","428.80","451.85","431.75","430.20","434.14","577.00","428.80","32,48,941","1,41,05,01,923.65","52,055"
18-Mar-2026,EQ,"452.20","455.80","450.00","452.60","451.40","451.85","452.94","577.00","433.30","26,02,680","1,17,88,51,976.65","46,975"
17-Mar-2026,EQ,"460.30","460.70","451.90","458.85","452.45","452.60","454.12","577.00","433.30","13,15,801","59,75,35,456.40","29,996"
16-Mar-2026,EQ,"455.00","461.45","449.20","453.50","457.00","458.85","455.04","577.00","433.30","25,34,686","1,15,33,76,218.15","42,827"
13-Mar-2026,EQ,"454.80","462.45","452.05","459.35","454.90","453.50","456.61","577.00","433.30","17,11,951","78,16,97,436.65","26,798"
12-Mar-2026,EQ,"471.30","471.30","456.50","471.85","459.90","459.35","459.86","577.00","433.30","17,56,738","80,78,50,868.45","36,078"
11-Mar-2026,EQ,"485.00","485.00","470.00","480.90","471.00","471.85","475.88","577.00","433.30","8,61,166","40,98,13,367.35","38,416"
10-Mar-2026,EQ,"472.55","483.45","471.20","466.70","480.65","480.90","478.27","577.00","433.30","10,29,742","49,24,91,615.65","23,723"
09-Mar-2026,EQ,"472.55","473.05","464.20","478.60","467.00","466.70","466.88","577.00","433.30","8,58,312","40,07,30,993.05","36,809"
06-Mar-2026,EQ,"486.00","486.15","477.50","487.90","478.10","478.60","480.97","577.00","433.30","11,90,560","57,26,28,901.30","65,786"
05-Mar-2026,EQ,"494.00","494.00","482.00","487.40","488.15","487.90","486.55","577.00","433.30","9,72,511","47,31,79,366.40","28,701"
04-Mar-2026,EQ,"499.00","504.95","486.00","507.60","488.00","487.40","491.14","577.00","433.30","17,32,747","85,10,17,128.75","29,351"
02-Mar-2026,EQ,"500.80","513.75","500.80","518.50","507.10","507.60","508.86","577.00","433.30","21,07,282","1,07,23,18,389.85","26,116"
27-Feb-2026,EQ,"523.05","525.50","512.00","524.45","519.00","518.50","518.23","577.00","433.30","24,14,657","1,25,13,44,443.55","33,847"
26-Feb-2026,EQ,"518.65","525.00","517.40","518.65","524.60","524.45","522.06","577.00","433.30","7,14,000","37,27,48,054.50","20,359"
25-Feb-2026,EQ,"521.25","523.75","516.50","518.05","519.00","518.65","519.03","577.00","433.30","30,15,805","1,56,52,99,598.30","40,693"
24-Feb-2026,EQ,"514.45","519.75","512.75","514.35","517.10","518.05","515.76","577.00","433.30","15,17,098","78,24,62,880.65","25,535"
23-Feb-2026,EQ,"509.00","515.95","507.30","509.70","515.00","514.35","512.43","577.00","433.30","10,44,529","53,52,50,230.60","25,088"
20-Feb-2026,EQ,"501.15","511.15","500.40","501.65","508.75","509.70","508.76","577.00","433.30","12,77,646","65,00,17,536.40","14,415"
19-Feb-2026,EQ,"510.60","514.30","500.05","510.60","501.05","501.65","507.15","577.00","433.30","9,23,005","46,80,97,696.70","15,270"
18-Feb-2026,EQ,"525.00","525.30","503.50","516.80","510.20","510.60","509.45","577.00","433.30","43,59,136","2,22,07,51,486.50","52,168"
17-Feb-2026,EQ,"511.10","519.05","511.10","514.25","516.00","516.80","516.52","577.00","433.30","9,63,143","49,74,84,133.40","20,235"
16-Feb-2026,EQ,"512.90","515.95","508.05","512.45","514.00","514.25","513.60","577.00","433.30","6,67,469","34,28,11,752.40","14,792"
13-Feb-2026,EQ,"517.25","518.95","510.10","519.55","511.30","512.45","514.69","577.00","433.30","17,46,636","89,89,68,103.25","35,740"
12-Feb-2026,EQ,"520.65","522.85","516.10","522.35","519.75","519.55","519.50","577.00","433.30","9,11,264","47,34,02,485.00","29,465"
11-Feb-2026,EQ,"519.70","523.00","517.00","519.70","522.00","522.35","520.57","577.00","433.30","12,82,937","66,78,63,198.60","36,237"
10-Feb-2026,EQ,"516.00","520.65","510.00","514.40","518.00","519.70","515.99","577.00","433.30","11,43,420","58,99,88,397.20","21,023"
09-Feb-2026,EQ,"510.50","516.00","507.55","508.30","512.10","514.40","512.39","577.00","433.30","12,65,939","64,86,60,719.85","23,804"
06-Feb-2026,EQ,"502.00","509.00","498.55","504.30","507.60","508.30","505.16","577.00","433.30","9,50,728","48,02,68,293.15","17,375"
05-Feb-2026,EQ,"501.55","507.90","499.35","501.20","505.10","504.30","505.22","577.00","433.30","15,37,272","77,66,60,460.50","19,672"
04-Feb-2026,EQ,"500.00","506.20","496.80","500.50","499.85","501.20","501.87","577.00","433.30","10,59,709","53,18,33,442.05","19,080"
03-Feb-2026,EQ,"509.00","510.00","495.60","499.00","500.40","500.50","500.12","577.00","433.30","18,60,653","93,05,49,677.10","33,132"
02-Feb-2026,EQ,"501.00","503.00","493.85","502.10","498.25","499.00","499.03","577.00","433.30","24,69,560","1,23,23,91,688.60","28,480"
01-Feb-2026,EQ,"509.25","518.00","494.80","506.60","501.35","502.10","503.74","577.00","433.30","13,63,827","68,70,17,389.85","23,204"
30-Jan-2026,EQ,"512.15","519.90","501.35","510.45","506.55","506.60","509.95","577.00","433.30","27,37,132","1,39,58,02,244.30","51,504"
29-Jan-2026,EQ,"515.80","517.20","499.35","515.75","510.00","510.45","507.71","577.00","433.30","18,87,628","95,83,64,071.40","32,805"
28-Jan-2026,EQ,"513.95","518.00","502.20","513.40","517.20","515.75","511.40","577.00","433.30","27,75,407","1,41,93,30,365.90","34,361"
27-Jan-2026,EQ,"520.50","521.00","512.10","519.00","515.90","513.40","514.97","577.00","433.30","14,75,952","76,00,69,409.70","48,048"
23-Jan-2026,EQ,"525.35","533.00","517.90","525.35","519.50","519.00","527.80","577.00","433.30","23,52,107","1,24,14,42,995.50","25,494"
22-Jan-2026,EQ,"521.00","529.55","519.15","516.20","525.00","525.35","525.41","577.00","433.30","42,49,013","2,23,24,75,024.70","68,441"
21-Jan-2026,EQ,"501.10","518.40","501.10","505.10","517.90","516.20","511.46","577.00","433.30","43,41,920","2,22,07,20,600.60","48,297"
20-Jan-2026,EQ,"512.75","516.50","503.85","512.75","507.05","505.10","508.98","577.00","433.30","8,07,821","41,11,64,958.45","19,290"
19-Jan-2026,EQ,"510.80","517.80","510.20","514.55","512.50","512.75","513.57","577.00","433.30","5,81,267","29,85,20,227.15","22,086"
16-Jan-2026,EQ,"513.75","520.30","512.00","513.75","514.60","514.55","516.04","577.00","433.30","6,60,633","34,09,15,532.00","22,062"
14-Jan-2026,EQ,"518.10","523.70","511.10","522.05","513.35","513.75","515.99","577.00","433.30","7,98,936","41,22,39,304.55","19,895"
13-Jan-2026,EQ,"525.00","529.15","516.75","524.00","520.65","522.05","521.22","577.00","433.30","12,88,670","67,16,84,290.95","23,531"
12-Jan-2026,EQ,"522.30","525.95","519.50","522.40","524.65","524.00","523.42","577.00","433.30","18,94,623","99,16,79,456.70","49,822"
09-Jan-2026,EQ,"518.70","525.55","516.10","519.45","523.70","522.40","521.50","577.00","433.30","15,22,552","79,40,03,307.55","36,519"
08-Jan-2026,EQ,"520.00","526.60","515.00","520.90","518.70","519.45","521.41","577.00","433.30","32,03,359","1,67,02,76,034.15","49,905"
07-Jan-2026,EQ,"523.80","527.00","518.75","520.35","520.25","520.90","521.02","577.00","433.30","28,70,097","1,49,53,64,231.85","26,395"
06-Jan-2026,EQ,"517.40","522.65","501.25","521.20","521.00","520.35","516.01","577.00","433.30","28,99,294","1,49,60,76,535.20","48,487"
05-Jan-2026,EQ,"524.00","534.00","519.90","522.60","520.80","521.20","526.58","577.00","433.30","32,90,459","1,73,26,80,128.75","65,621"
02-Jan-2026,EQ,"501.45","526.35","499.00","499.95","525.40","522.60","518.92","577.00","433.30","53,40,608","2,77,13,55,924.30","71,585"
01-Jan-2026,EQ,"505.00","505.90","497.85","503.60","499.55","499.95","500.15","577.00","433.30","6,98,247","34,92,26,322.15","9,211"
31-Dec-2025,EQ,"495.00","509.90","494.90","495.65","502.35","503.60","504.80","577.00","433.30","23,91,679","1,20,73,28,476.60","30,080"
30-Dec-2025,EQ,"489.40","497.35","487.00","489.30","495.00","495.65","494.30","577.00","433.30","22,16,264","1,09,55,06,387.25","33,058"
29-Dec-2025,EQ,"488.35","491.25","485.95","488.20","488.90","489.30","488.78","577.00","433.30","9,82,019","47,99,95,131.60","16,857"
26-Dec-2025,EQ,"490.70","492.95","487.80","490.55","488.40","488.20","489.79","577.00","433.30","5,18,698","25,40,53,519.25","15,769"
24-Dec-2025,EQ,"493.15","495.05","489.05","493.15","491.00","490.55","491.73","577.00","433.30","8,50,597","41,82,62,298.95","21,756"
23-Dec-2025,EQ,"494.15","495.50","491.45","493.70","493.45","493.15","493.08","577.00","433.30","9,93,407","48,98,30,880.05","22,020"
22-Dec-2025,EQ,"495.40","497.50","493.05","493.95","494.10","493.70","494.63","577.00","433.30","9,98,215","49,37,42,308.70","19,602"
19-Dec-2025,EQ,"493.00","495.00","491.40","492.55","494.25","493.95","493.47","577.00","433.30","12,41,449","61,26,21,577.85","16,325"
18-Dec-2025,EQ,"494.05","494.05","489.55","494.15","492.60","492.55","492.05","577.00","433.30","6,83,973","33,65,50,387.60","11,461"
17-Dec-2025,EQ,"497.00","498.60","492.30","497.20","492.55","494.15","495.09","577.00","433.30","5,51,891","27,32,34,308.15","10,788"
16-Dec-2025,EQ,"497.00","504.50","494.60","497.20","496.35","497.20","500.04","577.00","433.30","14,84,940","74,25,24,911.90","19,902"
15-Dec-2025,EQ,"493.50","499.90","493.10","495.00","497.00","497.20","497.22","577.00","433.30","9,93,514","49,39,99,698.10","23,242"
12-Dec-2025,EQ,"502.50","503.70","494.00","501.75","494.40","495.00","496.31","577.00","433.30","15,06,050","74,74,63,953.20","31,744"
11-Dec-2025,EQ,"500.10","503.35","496.65","502.55","502.75","501.75","501.18","577.00","433.30","11,16,224","55,94,30,601.65","23,001"
10-Dec-2025,EQ,"505.00","505.95","498.10","503.60","500.00","502.55","502.29","577.00","433.30","13,11,806","65,89,06,030.05","22,660"
09-Dec-2025,EQ,"500.35","505.95","498.00","504.45","504.95","503.60","503.21","577.00","433.30","14,23,785","71,64,68,488.35","28,198"
08-Dec-2025,EQ,"508.10","510.90","500.75","510.10","505.00","504.45","503.80","577.00","433.30","11,40,189","57,44,30,177.80","24,126"
05-Dec-2025,EQ,"503.25","510.80","502.35","508.10","510.50","510.10","507.65","577.00","433.30","12,05,977","61,22,10,771.70","20,672"
04-Dec-2025,EQ,"505.15","510.25","502.55","506.00","507.65","508.10","507.96","577.00","433.30","13,71,715","69,67,71,535.20","24,282"
03-Dec-2025,EQ,"505.15","509.05","500.80","507.95","504.80","506.00","505.82","577.00","433.30","13,88,012","70,20,89,725.45","21,739"
02-Dec-2025,EQ,"513.10","517.85","507.00","515.25","507.00","507.95","510.75","577.00","433.30","24,34,279","1,24,32,98,931.55","35,732"
01-Dec-2025,EQ,"517.45","519.35","514.15","517.40","515.00","515.25","516.05","577.00","433.30","16,19,957","83,59,72,955.70","27,102"
28-Nov-2025,EQ,"520.45","520.45","513.45","519.15","518.60","517.40","516.08","577.00","433.30","9,99,605","51,58,71,229.25","13,101"
27-Nov-2025,EQ,"517.25","520.50","514.75","517.20","520.25","519.15","517.95","577.00","433.30","12,62,843","65,40,88,893.90","17,857"
26-Nov-2025,EQ,"514.15","520.05","513.85","514.40","517.90","517.20","517.56","577.00","433.30","9,14,828","47,34,78,672.55","15,212"
25-Nov-2025,EQ,"511.40","515.45","509.00","512.40","514.10","514.40","512.88","577.00","433.30","20,50,235","1,05,15,24,105.55","21,109"
24-Nov-2025,EQ,"516.95","517.85","511.40","515.65","512.15","512.40","513.59","577.00","433.30","59,26,288","3,04,36,94,166.75","35,371"
21-Nov-2025,EQ,"525.05","525.05","514.30","525.05","516.00","515.65","518.15","577.00","433.30","26,59,623","1,37,80,78,652.10","26,607"
20-Nov-2025,EQ,"519.05","527.00","516.70","517.55","523.80","525.05","523.49","577.00","433.30","29,56,054","1,54,74,78,211.40","51,236"
19-Nov-2025,EQ,"520.85","523.55","516.60","520.85","518.00","517.55","521.41","577.00","433.30","24,19,687","1,26,16,42,878.55","25,570"
18-Nov-2025,EQ,"524.20","524.25","512.50","524.25","519.55","520.85","519.46","577.00","433.30","19,58,068","1,01,71,38,241.25","29,800"
17-Nov-2025,EQ,"529.00","529.90","523.35","525.00","524.00","524.25","525.48","577.00","433.30","18,56,462","97,55,31,572.90","38,346"
14-Nov-2025,EQ,"522.00","527.00","517.55","522.20","524.70","525.00","523.63","577.00","433.30","17,89,377","93,69,77,646.35","27,303"
13-Nov-2025,EQ,"522.00","528.60","517.00","522.30","521.75","522.20","522.70","577.00","433.30","18,59,578","97,19,96,144.40","29,290"
12-Nov-2025,EQ,"519.95","524.90","516.05","519.95","521.75","522.30","521.43","577.00","433.30","25,17,903","1,31,29,10,268.70","48,364"
11-Nov-2025,EQ,"515.70","521.65","512.65","515.45","519.00","519.95","518.03","577.00","433.30","14,78,112","76,57,13,547.00","28,983"
10-Nov-2025,EQ,"520.00","521.00","512.80","518.65","515.85","515.45","516.41","577.00","433.30","10,05,698","51,93,50,811.85","19,994"
07-Nov-2025,EQ,"522.00","522.00","512.50","523.70","519.00","518.65","517.93","577.00","433.30","17,54,801","90,88,72,430.45","26,184"
06-Nov-2025,EQ,"517.05","524.50","511.05","517.05","523.15","523.70","520.43","577.00","433.30","39,11,239","2,03,55,33,040.40","53,915"
04-Nov-2025,EQ,"502.30","519.95","501.95","503.30","516.50","517.05","514.17","577.00","433.30","53,22,219","2,73,65,22,441.85","58,625"
03-Nov-2025,EQ,"488.10","504.45","485.60","487.55","502.30","503.30","496.84","577.00","433.30","45,23,334","2,24,73,63,656.65","62,970"
31-Oct-2025,EQ,"502.90","502.95","486.70","501.55","488.10","487.55","490.78","577.00","433.30","49,80,727","2,44,44,18,950.40","70,152"
30-Oct-2025,EQ,"511.50","511.50","499.60","508.05","500.70","501.55","502.95","577.00","433.30","17,44,704","87,75,02,868.15","29,359"
29-Oct-2025,EQ,"503.40","508.90","501.80","503.40","508.50","508.05","506.73","577.00","433.30","18,80,484","95,28,94,262.70","18,945"
28-Oct-2025,EQ,"508.10","508.20","501.00","507.05","502.50","503.40","503.30","577.00","433.30","28,26,407","1,42,25,19,382.90","32,912"
27-Oct-2025,EQ,"508.50","510.20","504.70","508.45","506.40","507.05","507.96","577.00","433.30","32,58,720","1,65,53,02,668.10","38,446"
24-Oct-2025,EQ,"512.40","512.40","498.40","511.40","507.00","508.45","504.44","577.00","433.30","37,86,598","1,91,01,23,675.20","42,514"
23-Oct-2025,EQ,"507.00","515.00","505.30","506.40","511.00","511.40","511.73","577.00","433.30","36,93,389","1,89,00,14,719.30","47,263"
21-Oct-2025,EQ,"506.15","507.85","503.45","504.55","504.80","506.40","505.97","577.00","433.30","1,28,942","6,52,40,573.75","4,172"
20-Oct-2025,EQ,"511.10","511.10","503.50","508.35","505.85","504.55","505.75","577.00","433.30","8,24,259","41,68,68,724.55","18,155"
17-Oct-2025,EQ,"500.60","511.65","499.60","500.75","508.45","508.35","507.82","579.35","433.30","34,36,032","1,74,48,74,693.45","85,097"
16-Oct-2025,EQ,"493.90","502.00","493.90","493.15","500.10","500.75","498.87","579.35","433.30","12,36,003","61,66,08,130.75","24,189"
15-Oct-2025,EQ,"486.05","494.40","486.05","487.35","493.90","493.15","492.65","579.35","433.30","20,84,672","1,02,70,08,376.95","27,169"
14-Oct-2025,EQ,"487.75","489.75","484.55","487.75","486.85","487.35","487.82","579.35","433.30","16,11,549","78,61,52,171.30","20,909"
13-Oct-2025,EQ,"488.60","489.60","482.55","489.70","488.40","487.75","486.36","579.35","433.30","19,90,140","96,79,17,582.45","31,999"
10-Oct-2025,EQ,"485.40","490.85","485.40","485.40","489.90","489.70","489.45","581.15","433.30","16,13,675","78,98,08,582.35","20,526"
09-Oct-2025,EQ,"480.45","486.50","479.15","480.15","486.00","485.40","483.97","581.15","433.30","30,52,079","1,47,71,17,545.60","27,573"
08-Oct-2025,EQ,"485.00","493.20","479.15","492.25","479.60","480.15","485.96","581.15","433.30","36,27,391","1,76,27,74,175.45","40,348"
07-Oct-2025,EQ,"493.35","502.80","489.90","493.35","490.75","492.25","494.17","581.15","433.30","45,34,081","2,24,06,29,095.55","43,688"
06-Oct-2025,EQ,"495.50","497.75","491.80","496.15","493.75","493.35","493.63","581.15","433.30","26,81,852","1,32,38,32,395.05","19,885"
03-Oct-2025,EQ,"495.05","497.80","490.75","495.05","496.00","496.15","494.06","635.80","433.30","30,35,129","1,49,95,32,953.45","29,914"
01-Oct-2025,EQ,"491.30","496.00","483.65","491.30","494.50","495.05","490.09","635.80","433.30","24,43,402","1,19,74,86,183.20","45,591"
30-Sep-2025,EQ,"495.00","500.15","489.50","492.85","491.00","491.30","493.60","635.80","433.30","26,45,097","1,30,56,13,232.75","42,833"
29-Sep-2025,EQ,"497.75","501.70","490.55","499.75","497.00","492.85","493.30","635.80","433.30","1,76,85,374","8,72,42,25,765.60","77,707"
26-Sep-2025,EQ,"508.00","508.00","493.00","506.30","500.10","499.75","498.65","671.50","433.30","31,68,298","1,57,98,84,669.10","57,472"
25-Sep-2025,EQ,"517.80","521.85","505.15","517.80","507.45","506.30","512.84","671.50","433.30","23,56,326","1,20,84,20,239.00","45,145"
24-Sep-2025,EQ,"515.00","520.95","511.40","515.00","518.60","517.80","516.92","671.50","433.30","17,81,081","92,06,76,755.80","28,667"
23-Sep-2025,EQ,"522.00","522.00","512.65","522.05","515.40","515.00","515.62","671.50","433.30","34,66,804","1,78,75,36,396.35","36,559"
22-Sep-2025,EQ,"536.00","536.75","518.00","535.45","519.50","522.05","526.08","671.50","433.30","28,92,697","1,52,17,95,282.15","38,946"
19-Sep-2025,EQ,"536.95","542.80","532.70","536.30","535.70","535.45","535.95","672.00","433.30","24,11,369","1,29,23,75,044.00","35,907"
18-Sep-2025,EQ,"536.00","539.00","532.40","535.15","537.00","536.30","535.36","672.00","433.30","20,12,300","1,07,73,00,838.50","25,212"
17-Sep-2025,EQ,"537.55","539.50","532.20","535.70","536.00","535.15","535.03","672.00","433.30","8,22,210","43,99,05,004.50","13,780"
16-Sep-2025,EQ,"540.60","542.30","534.50","540.90","537.30","535.70","536.60","672.00","433.30","14,05,923","75,44,15,576.55","23,694"
15-Sep-2025,EQ,"536.50","542.60","536.50","538.85","542.15","540.90","540.09","672.00","433.30","8,37,561","45,23,54,508.40","16,380"
12-Sep-2025,EQ,"544.10","544.10","533.70","544.10","537.60","538.85","537.71","672.00","433.30","27,46,427","1,47,67,75,529.60","38,104"
11-Sep-2025,EQ,"547.25","548.40","543.00","547.50","544.20","544.10","544.72","672.00","433.30","8,91,836","48,57,98,446.65","22,589"
10-Sep-2025,EQ,"546.90","548.95","543.70","544.25","547.40","547.50","546.25","672.00","433.30","8,74,891","47,79,13,090.80","19,468"
09-Sep-2025,EQ,"546.25","547.40","539.25","546.20","544.50","544.25","542.68","672.00","433.30","19,37,685","1,05,15,46,122.65","30,003"
08-Sep-2025,EQ,"547.95","551.65","542.70","546.70","546.00","546.20","547.12","672.00","433.30","7,82,235","42,79,74,600.00","16,862"
05-Sep-2025,EQ,"553.80","555.85","542.35","552.70","547.05","546.70","548.24","672.00","433.30","14,89,345","81,65,21,789.30","28,912"
04-Sep-2025,EQ,"565.00","577.00","551.35","543.50","553.80","552.70","559.15","672.00","433.30","87,12,233","4,87,14,22,551.35","1,27,971"
03-Sep-2025,EQ,"545.90","549.25","541.25","544.60","542.80","543.50","543.93","672.00","433.30","22,20,814","1,20,79,59,681.15","39,023"
02-Sep-2025,EQ,"525.00","547.75","523.65","523.65","545.60","544.60","542.34","672.00","433.30","89,73,936","4,86,69,40,025.10","1,17,554"
01-Sep-2025,EQ,"521.55","524.55","520.05","521.10","522.40","523.65","522.62","672.00","433.30","43,27,053","2,26,14,18,578.50","31,093"
29-Aug-2025,EQ,"515.45","528.55","509.70","513.85","521.55","521.10","519.73","672.00","433.30","37,45,766","1,94,67,95,378.45","60,598"
28-Aug-2025,EQ,"526.55","526.55","512.25","522.40","515.00","513.85","517.53","672.00","433.30","20,68,611","1,07,05,76,570.05","40,986"
26-Aug-2025,EQ,"518.60","526.80","517.10","518.60","521.60","522.40","522.92","672.00","433.30","30,45,617","1,59,26,18,307.85","41,227"
25-Aug-2025,EQ,"515.90","520.45","513.45","515.95","517.10","518.60","518.23","672.00","433.30","12,04,983","62,44,53,126.80","29,856"
22-Aug-2025,EQ,"516.00","519.85","514.55","515.70","516.50","515.95","516.75","672.00","433.30","15,96,318","82,48,99,394.30","26,587"
21-Aug-2025,EQ,"535.95","536.45","514.75","535.00","516.95","515.70","519.24","672.00","433.30","60,41,694","3,13,70,84,936.80","42,180"
20-Aug-2025,EQ,"522.00","536.40","521.10","522.05","534.45","535.00","527.77","672.00","433.30","1,23,45,218","6,51,54,86,212.55","85,113"
19-Aug-2025,EQ,"519.85","522.75","514.00","519.10","521.55","522.05","519.77","672.00","433.30","6,45,927","33,57,35,521.95","18,774"
18-Aug-2025,EQ,"513.90","529.80","512.00","500.90","520.00","519.10","523.93","672.00","433.30","48,10,046","2,52,01,11,009.95","53,684"