Scheme Code,Scheme Name,Plan,Option,ISIN Growth,ISIN Dividend,NAV,Date
120392,Invesco India Large Cap Fund - Direct Plan - Growth,Direct Plan,Growth,INF205K01LB0,,86.27,2026-07-01
120392,Invesco India Large Cap Fund - Direct Plan - Growth,Direct Plan,Growth,INF205K01LB0,,86.83,2026-07-02
120392,Invesco India Large Cap Fund - Direct Plan - Growth,Direct Plan,Growth,INF205K01LB0,,86.85,2026-07-03
120392,Invesco India Large Cap Fund - Direct Plan - Growth,Direct Plan,Growth,INF205K01LB0,,87.41,2026-07-06
120392,Invesco India Large Cap Fund - Direct Plan - Growth,Direct Plan,Growth,INF205K01LB0,,87.18,2026-07-07
120392,Invesco India Large Cap Fund - Direct Plan - Growth,Direct Plan,Growth,INF205K01LB0,,85.52,2026-07-08
120392,Invesco India Large Cap Fund - Direct Plan - Growth,Direct Plan,Growth,INF205K01LB0,,86.09,2026-07-09
120392,Invesco India Large Cap Fund - Direct Plan - Growth,Direct Plan,Growth,INF205K01LB0,,86.93,2026-07-10
120392,Invesco India Large Cap Fund - Direct Plan - Growth,Direct Plan,Growth,INF205K01LB0,,86.93,2026-07-13
120392,Invesco India Large Cap Fund - Direct Plan - Growth,Direct Plan,Growth,INF205K01LB0,,86.41,2026-07-14
120392,Invesco India Large Cap Fund - Direct Plan - Growth,Direct Plan,Growth,INF205K01LB0,,86.97,2026-07-15
120392,Invesco India Large Cap Fund - Direct Plan - Growth,Direct Plan,Growth,INF205K01LB0,,86.96,2026-07-16
120392,Invesco India Large Cap Fund - Direct Plan - Growth,Direct Plan,Growth,INF205K01LB0,,87.26,2026-07-17
120392,Invesco India Large Cap Fund - Direct Plan - Growth,Direct Plan,Growth,INF205K01LB0,,87.22,2026-07-20
120392,Invesco India Large Cap Fund - Direct Plan - Growth,Direct Plan,Growth,INF205K01LB0,,87.34,2026-07-21
120392,Invesco India Large Cap Fund - Direct Plan - Growth,Direct Plan,Growth,INF205K01LB0,,86.4,2026-07-22
120392,Invesco India Large Cap Fund - Direct Plan - Growth,Direct Plan,Growth,INF205K01LB0,,85.86,2026-07-23
120392,Invesco India Large Cap Fund - Direct Plan - Growth,Direct Plan,Growth,INF205K01LB0,,85.33,2026-07-24
120392,Invesco India Large Cap Fund - Direct Plan - Growth,Direct Plan,Growth,INF205K01LB0,,86.63,2026-07-27
120392,Invesco India Large Cap Fund - Direct Plan - Growth,Direct Plan,Growth,INF205K01LB0,,86.77,2026-07-28
120392,Invesco India Large Cap Fund - Direct Plan - Growth,Direct Plan,Growth,INF205K01LB0,,87.59,2026-07-29
120392,Invesco India Large Cap Fund - Direct Plan - Growth,Direct Plan,Growth,INF205K01LB0,,87.44,2026-07-30
120392,Invesco India Large Cap Fund - Direct Plan - Growth,Direct Plan,Growth,INF205K01LB0,,88.13,2026-07-31
120393,Invesco India Large Cap Fund - Direct Plan - IDCW (Payout / Reinvestment),Direct Plan,IDCW,INF205K01KZ1,INF205K01LA2,35.01,2026-07-01
120393,Invesco India Large Cap Fund - Direct Plan - IDCW (Payout / Reinvestment),Direct Plan,IDCW,INF205K01KZ1,INF205K01LA2,35.24,2026-07-02
120393,Invesco India Large Cap Fund - Direct Plan - IDCW (Payout / Reinvestment),Direct Plan,IDCW,INF205K01KZ1,INF205K01LA2,35.24,2026-07-03
120393,Invesco India Large Cap Fund - Direct Plan - IDCW (Payout / Reinvestment),Direct Plan,IDCW,INF205K01KZ1,INF205K01LA2,35.47,2026-07-06
120393,Invesco India Large Cap Fund - Direct Plan - IDCW (Payout / Reinvestment),Direct Plan,IDCW,INF205K01KZ1,INF205K01LA2,35.38,2026-07-07
120393,Invesco India Large Cap Fund - Direct Plan - IDCW (Payout / Reinvestment),Direct Plan,IDCW,INF205K01KZ1,INF205K01LA2,34.7,2026-07-08
120393,Invesco India Large Cap Fund - Direct Plan - IDCW (Payout / Reinvestment),Direct Plan,IDCW,INF205K01KZ1,INF205K01LA2,34.94,2026-07-09
120393,Invesco India Large Cap Fund - Direct Plan - IDCW (Payout / Reinvestment),Direct Plan,IDCW,INF205K01KZ1,INF205K01LA2,35.28,2026-07-10
120393,Invesco India Large Cap Fund - Direct Plan - IDCW (Payout / Reinvestment),Direct Plan,IDCW,INF205K01KZ1,INF205K01LA2,35.28,2026-07-13
120393,Invesco India Large Cap Fund - Direct Plan - IDCW (Payout / Reinvestment),Direct Plan,IDCW,INF205K01KZ1,INF205K01LA2,35.07,2026-07-14
120393,Invesco India Large Cap Fund - Direct Plan - IDCW (Payout / Reinvestment),Direct Plan,IDCW,INF205K01KZ1,INF205K01LA2,35.29,2026-07-15
120393,Invesco India Large Cap Fund - Direct Plan - IDCW (Payout / Reinvestment),Direct Plan,IDCW,INF205K01KZ1,INF205K01LA2,35.29,2026-07-16
120393,Invesco India Large Cap Fund - Direct Plan - IDCW (Payout / Reinvestment),Direct Plan,IDCW,INF205K01KZ1,INF205K01LA2,35.41,2026-07-17
120393,Invesco India Large Cap Fund - Direct Plan - IDCW (Payout / Reinvestment),Direct Plan,IDCW,INF205K01KZ1,INF205K01LA2,35.39,2026-07-20
120393,Invesco India Large Cap Fund - Direct Plan - IDCW (Payout / Reinvestment),Direct Plan,IDCW,INF205K01KZ1,INF205K01LA2,35.44,2026-07-21
120393,Invesco India Large Cap Fund - Direct Plan - IDCW (Payout / Reinvestment),Direct Plan,IDCW,INF205K01KZ1,INF205K01LA2,35.06,2026-07-22
120393,Invesco India Large Cap Fund - Direct Plan - IDCW (Payout / Reinvestment),Direct Plan,IDCW,INF205K01KZ1,INF205K01LA2,34.85,2026-07-23
120393,Invesco India Large Cap Fund - Direct Plan - IDCW (Payout / Reinvestment),Direct Plan,IDCW,INF205K01KZ1,INF205K01LA2,34.63,2026-07-24
120393,Invesco India Large Cap Fund - Direct Plan - IDCW (Payout / Reinvestment),Direct Plan,IDCW,INF205K01KZ1,INF205K01LA2,35.16,2026-07-27
120393,Invesco India Large Cap Fund - Direct Plan - IDCW (Payout / Reinvestment),Direct Plan,IDCW,INF205K01KZ1,INF205K01LA2,35.22,2026-07-28
120393,Invesco India Large Cap Fund - Direct Plan - IDCW (Payout / Reinvestment),Direct Plan,IDCW,INF205K01KZ1,INF205K01LA2,35.55,2026-07-29
120393,Invesco India Large Cap Fund - Direct Plan - IDCW (Payout / Reinvestment),Direct Plan,IDCW,INF205K01KZ1,INF205K01LA2,35.49,2026-07-30
120393,Invesco India Large Cap Fund - Direct Plan - IDCW (Payout / Reinvestment),Direct Plan,IDCW,INF205K01KZ1,INF205K01LA2,35.77,2026-07-31
112098,Invesco India Large Cap Fund - Regular Plan - Growth,Regular Plan,Growth,INF205K01304,,71.02,2026-07-01
112098,Invesco India Large Cap Fund - Regular Plan - Growth,Regular Plan,Growth,INF205K01304,,71.47,2026-07-02
112098,Invesco India Large Cap Fund - Regular Plan - Growth,Regular Plan,Growth,INF205K01304,,71.49,2026-07-03
112098,Invesco India Large Cap Fund - Regular Plan - Growth,Regular Plan,Growth,INF205K01304,,71.95,2026-07-06
112098,Invesco India Large Cap Fund - Regular Plan - Growth,Regular Plan,Growth,INF205K01304,,71.75,2026-07-07
112098,Invesco India Large Cap Fund - Regular Plan - Growth,Regular Plan,Growth,INF205K01304,,70.38,2026-07-08
112098,Invesco India Large Cap Fund - Regular Plan - Growth,Regular Plan,Growth,INF205K01304,,70.85,2026-07-09
112098,Invesco India Large Cap Fund - Regular Plan - Growth,Regular Plan,Growth,INF205K01304,,71.54,2026-07-10
112098,Invesco India Large Cap Fund - Regular Plan - Growth,Regular Plan,Growth,INF205K01304,,71.53,2026-07-13
112098,Invesco India Large Cap Fund - Regular Plan - Growth,Regular Plan,Growth,INF205K01304,,71.1,2026-07-14
112098,Invesco India Large Cap Fund - Regular Plan - Growth,Regular Plan,Growth,INF205K01304,,71.55,2026-07-15
112098,Invesco India Large Cap Fund - Regular Plan - Growth,Regular Plan,Growth,INF205K01304,,71.54,2026-07-16
112098,Invesco India Large Cap Fund - Regular Plan - Growth,Regular Plan,Growth,INF205K01304,,71.79,2026-07-17
112098,Invesco India Large Cap Fund - Regular Plan - Growth,Regular Plan,Growth,INF205K01304,,71.75,2026-07-20
112098,Invesco India Large Cap Fund - Regular Plan - Growth,Regular Plan,Growth,INF205K01304,,71.85,2026-07-21
112098,Invesco India Large Cap Fund - Regular Plan - Growth,Regular Plan,Growth,INF205K01304,,71.07,2026-07-22
112098,Invesco India Large Cap Fund - Regular Plan - Growth,Regular Plan,Growth,INF205K01304,,70.63,2026-07-23
112098,Invesco India Large Cap Fund - Regular Plan - Growth,Regular Plan,Growth,INF205K01304,,70.19,2026-07-24
112098,Invesco India Large Cap Fund - Regular Plan - Growth,Regular Plan,Growth,INF205K01304,,71.25,2026-07-27
112098,Invesco India Large Cap Fund - Regular Plan - Growth,Regular Plan,Growth,INF205K01304,,71.36,2026-07-28
112098,Invesco India Large Cap Fund - Regular Plan - Growth,Regular Plan,Growth,INF205K01304,,72.03,2026-07-29
112098,Invesco India Large Cap Fund - Regular Plan - Growth,Regular Plan,Growth,INF205K01304,,71.9,2026-07-30
112098,Invesco India Large Cap Fund - Regular Plan - Growth,Regular Plan,Growth,INF205K01304,,72.47,2026-07-31
112099,Invesco India Large Cap Fund - Regular Plan - IDCW (Payout / Reinvestment),Regular Plan,IDCW,INF205K01320,INF205K01312,26.31,2026-07-01
112099,Invesco India Large Cap Fund - Regular Plan - IDCW (Payout / Reinvestment),Regular Plan,IDCW,INF205K01320,INF205K01312,26.48,2026-07-02
112099,Invesco India Large Cap Fund - Regular Plan - IDCW (Payout / Reinvestment),Regular Plan,IDCW,INF205K01320,INF205K01312,26.48,2026-07-03
112099,Invesco India Large Cap Fund - Regular Plan - IDCW (Payout / Reinvestment),Regular Plan,IDCW,INF205K01320,INF205K01312,26.65,2026-07-06
112099,Invesco India Large Cap Fund - Regular Plan - IDCW (Payout / Reinvestment),Regular Plan,IDCW,INF205K01320,INF205K01312,26.58,2026-07-07
112099,Invesco India Large Cap Fund - Regular Plan - IDCW (Payout / Reinvestment),Regular Plan,IDCW,INF205K01320,INF205K01312,26.07,2026-07-08
112099,Invesco India Large Cap Fund - Regular Plan - IDCW (Payout / Reinvestment),Regular Plan,IDCW,INF205K01320,INF205K01312,26.25,2026-07-09
112099,Invesco India Large Cap Fund - Regular Plan - IDCW (Payout / Reinvestment),Regular Plan,IDCW,INF205K01320,INF205K01312,26.5,2026-07-10
112099,Invesco India Large Cap Fund - Regular Plan - IDCW (Payout / Reinvestment),Regular Plan,IDCW,INF205K01320,INF205K01312,26.5,2026-07-13
112099,Invesco India Large Cap Fund - Regular Plan - IDCW (Payout / Reinvestment),Regular Plan,IDCW,INF205K01320,INF205K01312,26.34,2026-07-14
112099,Invesco India Large Cap Fund - Regular Plan - IDCW (Payout / Reinvestment),Regular Plan,IDCW,INF205K01320,INF205K01312,26.51,2026-07-15
112099,Invesco India Large Cap Fund - Regular Plan - IDCW (Payout / Reinvestment),Regular Plan,IDCW,INF205K01320,INF205K01312,26.51,2026-07-16
112099,Invesco India Large Cap Fund - Regular Plan - IDCW (Payout / Reinvestment),Regular Plan,IDCW,INF205K01320,INF205K01312,26.6,2026-07-17
112099,Invesco India Large Cap Fund - Regular Plan - IDCW (Payout / Reinvestment),Regular Plan,IDCW,INF205K01320,INF205K01312,26.58,2026-07-20
112099,Invesco India Large Cap Fund - Regular Plan - IDCW (Payout / Reinvestment),Regular Plan,IDCW,INF205K01320,INF205K01312,26.62,2026-07-21
112099,Invesco India Large Cap Fund - Regular Plan - IDCW (Payout / Reinvestment),Regular Plan,IDCW,INF205K01320,INF205K01312,26.33,2026-07-22
112099,Invesco India Large Cap Fund - Regular Plan - IDCW (Payout / Reinvestment),Regular Plan,IDCW,INF205K01320,INF205K01312,26.17,2026-07-23
112099,Invesco India Large Cap Fund - Regular Plan - IDCW (Payout / Reinvestment),Regular Plan,IDCW,INF205K01320,INF205K01312,26.0,2026-07-24
112099,Invesco India Large Cap Fund - Regular Plan - IDCW (Payout / Reinvestment),Regular Plan,IDCW,INF205K01320,INF205K01312,26.4,2026-07-27
112099,Invesco India Large Cap Fund - Regular Plan - IDCW (Payout / Reinvestment),Regular Plan,IDCW,INF205K01320,INF205K01312,26.44,2026-07-28
112099,Invesco India Large Cap Fund - Regular Plan - IDCW (Payout / Reinvestment),Regular Plan,IDCW,INF205K01320,INF205K01312,26.69,2026-07-29
112099,Invesco India Large Cap Fund - Regular Plan - IDCW (Payout / Reinvestment),Regular Plan,IDCW,INF205K01320,INF205K01312,26.64,2026-07-30
112099,Invesco India Large Cap Fund - Regular Plan - IDCW (Payout / Reinvestment),Regular Plan,IDCW,INF205K01320,INF205K01312,26.85,2026-07-31
